,Age,Credit amount,Duration,Purpose,Risk,Predicted_risk,Predicted_prob_risk
0,67,1169,6,radio/TV,0,0,0.08382861414147445
1,22,5951,48,radio/TV,1,1,0.6499900138950617
2,49,2096,12,education,0,0,0.2607919847662834
3,45,7882,42,furniture/equipment,0,1,0.5148568265255546
4,53,4870,24,car,1,1,0.7088487294146683
5,35,9055,36,education,0,1,0.5332524718792482
6,53,2835,24,furniture/equipment,0,0,0.34223608705400366
7,35,6948,36,car,0,0,0.33907881358289466
8,61,3059,12,radio/TV,0,0,0.2277619516181955
9,28,5234,30,car,1,1,0.6109305505525959
10,25,1295,12,car,1,1,0.7470169390255945
11,24,4308,48,business,1,1,0.8035557437060895
12,22,1567,12,radio/TV,0,1,0.6026990943305983
13,60,1199,24,car,1,1,0.5801411053193923
14,28,1403,15,car,0,1,0.5437575166621665
15,32,1282,24,radio/TV,1,1,0.6101032336973737
16,53,2424,24,radio/TV,0,0,0.2514911579187705
17,25,8072,30,business,0,1,0.7843360383775442
18,44,12579,24,car,1,1,0.7091871491147576
19,31,3430,24,radio/TV,0,0,0.494097314943508
20,48,2134,9,car,0,0,0.2091611701101113
21,44,2647,6,radio/TV,0,0,0.10074971418735061
22,48,2241,10,car,0,0,0.21228932279818344
23,44,1804,12,car,0,0,0.35126901809763156
24,26,2069,10,furniture/equipment,0,0,0.41886802145142765
25,36,1374,6,furniture/equipment,0,0,0.17893378797990375
26,39,426,6,radio/TV,0,0,0.07193534734379396
27,42,409,12,radio/TV,0,0,0.2204366549876347
28,34,2415,7,radio/TV,0,0,0.1043078627089331
29,63,6836,60,business,1,1,0.7184939525842351
30,36,1913,18,business,0,0,0.4348326433030815
31,27,4020,24,furniture/equipment,0,1,0.6861003277652702
32,30,5866,18,car,0,0,0.3955720212847663
33,57,1264,12,business,0,0,0.32765892229716154
34,33,1474,12,furniture/equipment,0,0,0.3940376708500566
35,25,4746,45,radio/TV,1,1,0.7106884648184724
36,31,6110,48,education,0,0,0.4604714512428484
37,37,2100,18,radio/TV,1,0,0.40941823935586574
38,37,1225,10,domestic appliances,0,0,0.3805128939290261
39,24,458,9,radio/TV,0,0,0.48179280050745615
40,30,2333,30,radio/TV,0,1,0.5123745970389607
41,26,1158,12,radio/TV,0,0,0.4256729642163412
42,44,6204,18,repairs,0,0,0.47438938954415216
43,24,6187,30,car,0,1,0.6104616022150333
44,58,6143,48,car,1,1,0.6496491694712486
45,35,1393,11,car,0,0,0.30126941813094404
46,39,2299,36,radio/TV,0,0,0.4741105241338376
47,23,1352,6,car,0,0,0.46291971275772453
48,39,7228,11,car,0,0,0.3725546977389606
49,28,2073,12,radio/TV,0,0,0.4298509156836143
50,29,2333,24,furniture/equipment,0,1,0.6033410185683301
51,30,5965,27,car,0,0,0.37600284815337476
52,25,1262,12,radio/TV,0,1,0.5339485325573349
53,31,3378,18,car,0,0,0.47889630482063794
54,57,2225,36,car,1,0,0.4570778280755238
55,26,783,6,car,0,0,0.3818008692430943
56,52,6468,12,radio/TV,1,1,0.5980215439430028
57,31,9566,36,radio/TV,0,1,0.534194908751952
58,23,1961,18,car,0,1,0.6661321144876685
59,23,6229,36,furniture/equipment,1,1,0.7474159625171423
60,27,1391,9,business,0,0,0.3967630210597296
61,50,1537,15,radio/TV,0,0,0.19702657677985333
62,61,1953,36,business,1,1,0.5209462935328166
63,25,14421,48,business,1,1,0.8128050778139173
64,26,3181,24,radio/TV,0,0,0.4720004432577307
65,48,5190,27,repairs,0,0,0.4368443170461485
66,29,2171,12,radio/TV,0,0,0.45159898456078557
67,22,1007,12,car,0,1,0.7509247054333321
68,37,1819,36,education,1,1,0.613417858343783
69,25,2394,36,radio/TV,0,1,0.5897575761992385
70,30,8133,36,car,0,1,0.5780757413174417
71,46,730,7,radio/TV,0,0,0.04479323431910632
72,51,1164,8,vacation/others,0,0,0.1506772771416897
73,41,5954,42,business,0,1,0.5121555946925725
74,40,1977,36,education,1,1,0.6100435450146928
75,66,1526,12,car,0,0,0.3597152609374551
76,34,3965,42,radio/TV,1,1,0.59628006570045
77,51,4771,11,radio/TV,0,0,0.37344336083765767
78,39,9436,54,car,0,1,0.6879725247594136
79,22,3832,30,furniture/equipment,0,0,0.46393864786222494
80,44,5943,24,radio/TV,1,0,0.49225987258426396
81,47,1213,15,radio/TV,0,0,0.2638817945982307
82,24,1568,18,business,0,1,0.516783660491264
83,58,1755,24,vacation/others,0,0,0.34520072807841357
84,52,2315,10,radio/TV,0,0,0.11803808559358295
85,29,1412,12,business,0,0,0.36923542756334987
86,27,1295,18,furniture/equipment,0,1,0.6437729940834145
87,47,12612,36,education,1,1,0.7106979389032404
88,30,2249,18,car,0,1,0.5504569455147315
89,28,1108,12,repairs,1,1,0.5141587752222457
90,56,618,12,radio/TV,0,0,0.18160771268052653
91,54,1409,12,car,0,0,0.24983568597103412
92,33,797,12,radio/TV,1,0,0.4967014212460835
93,20,3617,24,furniture/equipment,0,0,0.4876218679943925
94,54,1318,12,car,0,0,0.308404000866626
95,58,15945,54,business,1,1,0.7735800610953626
96,61,2012,12,education,0,0,0.24082398859929832
97,34,2622,18,business,0,0,0.4380047076020748
98,36,2337,36,radio/TV,0,0,0.4557080617748214
99,36,7057,20,car,0,0,0.43120982633185206
100,41,1469,24,car,0,0,0.4903930473418642
101,24,2323,36,radio/TV,0,1,0.6162083123367538
102,24,932,6,radio/TV,0,0,0.22752159248096654
103,35,1919,9,furniture/equipment,0,0,0.24424575527208184
104,26,2445,12,car,0,1,0.5134349880432498
105,39,11938,24,vacation/others,1,1,0.6537506170158554
106,39,6458,18,car,1,1,0.5583850543878208
107,32,6078,12,car,0,0,0.4567720275699273
108,30,7721,24,furniture/equipment,0,0,0.46130166642338943
109,35,1410,14,business,0,0,0.3321586549021008
110,31,1449,6,business,0,0,0.19332339328395373
111,23,392,15,education,0,1,0.6458142778005481
112,28,6260,18,car,0,0,0.48386228546684523
113,25,7855,36,car,1,1,0.6793708187705907
114,35,1680,12,radio/TV,0,0,0.2857380793731162
115,47,3578,48,radio/TV,0,0,0.24723442059113407
116,30,7174,42,radio/TV,1,1,0.5774421287019472
117,27,2132,10,furniture/equipment,0,0,0.41610457173957904
118,23,4281,33,furniture/equipment,1,1,0.8298309405178946
119,36,2366,12,car,0,0,0.36010265764229693
120,25,1835,21,radio/TV,1,1,0.5549818329329681
121,41,3868,24,car,0,0,0.4230386712854281
122,24,1768,12,furniture/equipment,0,1,0.5535580800472271
123,63,781,10,car,0,0,0.20997394257459007
124,27,1924,18,furniture/equipment,1,1,0.5863101895104783
125,30,2121,12,car,0,0,0.44981047781186645
126,40,701,12,radio/TV,0,0,0.2614680638586262
127,30,639,12,repairs,1,1,0.5396116604632887
128,34,1860,12,car,0,0,0.45273237179016834
129,29,3499,12,car,1,1,0.5169015767457028
130,24,8487,48,car,0,1,0.7967406944818943
131,29,6887,36,education,1,1,0.6795358659775782
132,27,2708,15,furniture/equipment,0,0,0.47121217609567767
133,47,1984,18,furniture/equipment,0,0,0.3222087652448721
134,21,10144,60,radio/TV,0,1,0.7334155297701632
135,38,1240,12,radio/TV,0,0,0.3422955236341874
136,27,8613,27,car,0,1,0.7360210568647019
137,66,766,12,radio/TV,1,0,0.2441279444173513
138,35,2728,15,radio/TV,0,0,0.2579391249134729
139,44,1881,12,radio/TV,0,0,0.23256533400088272
140,27,709,6,car,0,0,0.37510950811897703
141,30,4795,36,radio/TV,0,1,0.5013497795180402
142,27,3416,27,radio/TV,0,0,0.4568651784434601
143,22,2462,18,furniture/equipment,1,1,0.6935613962056751
144,23,2288,21,furniture/equipment,0,1,0.6582162945072381
145,30,3566,48,business,0,0,0.41148090493542283
146,39,860,6,car,0,0,0.21926835894114846
147,51,682,12,car,0,0,0.39366828020417893
148,28,5371,36,furniture/equipment,0,1,0.6086708090332499
149,46,1582,18,radio/TV,0,0,0.24198213367250662
150,42,1346,6,radio/TV,0,0,0.08440337349253213
151,38,1924,10,radio/TV,0,0,0.16166160232357352
152,24,5848,36,radio/TV,0,1,0.6376829558184877
153,29,7758,24,car,0,0,0.4649626362422871
154,36,6967,24,business,0,1,0.5228287937955418
155,20,1282,12,furniture/equipment,1,1,0.6370964653596785
156,48,1288,9,repairs,0,0,0.21768178442128658
157,45,339,12,education,0,0,0.4436609583483831
158,38,3512,24,car,0,0,0.4134835722601706
159,34,1898,6,radio/TV,0,0,0.10019024877241361
160,36,2872,24,radio/TV,0,0,0.40411541525256917
161,30,1055,18,car,0,1,0.7240188930746215
162,36,1262,15,domestic appliances,0,1,0.5244078625057075
163,70,7308,10,car,0,0,0.4362890678259076
164,36,909,36,car,0,1,0.6226507943693843
165,32,2978,6,furniture/equipment,0,0,0.24476058406620296
166,33,1131,18,furniture/equipment,1,1,0.6757606474141313
167,20,1577,11,furniture/equipment,0,1,0.5617410386719837
168,25,3972,24,furniture/equipment,0,1,0.7605264056847979
169,31,1935,24,business,1,1,0.5233762612270304
170,33,950,15,car,1,1,0.697065862540597
171,26,763,12,furniture/equipment,0,1,0.5725975504240088
172,34,2064,24,furniture/equipment,1,1,0.5689927900019025
173,33,1414,8,radio/TV,0,0,0.24030956922585234
174,26,3414,21,education,1,1,0.5317246449103815
175,53,7485,30,car,1,1,0.6289965057961483
176,42,2577,12,furniture/equipment,0,0,0.3292378701399236
177,52,338,6,radio/TV,0,0,0.06555345669244189
178,31,1963,12,radio/TV,0,0,0.38486615434346355
179,65,571,21,car,0,1,0.5554328868560742
180,28,9572,36,business,1,1,0.8248997836972112
181,30,4455,36,business,1,1,0.6184745589190592
182,40,1647,21,car,1,0,0.4951228135710125
183,50,3777,24,furniture/equipment,0,0,0.29975985551864737
184,36,884,18,car,1,1,0.593769842115432
185,31,1360,15,radio/TV,0,0,0.4196587644830951
186,74,5129,9,car,1,0,0.4839266985351095
187,68,1175,16,car,0,1,0.5750965888038946
188,20,674,12,radio/TV,1,1,0.5846691813272424
189,33,3244,18,furniture/equipment,0,0,0.45686279197714674
190,54,4591,24,business,1,1,0.7562835477441324
191,34,3844,48,business,1,0,0.48299998370440117
192,36,3915,27,business,1,1,0.6760066033007317
193,29,2108,6,radio/TV,0,0,0.10327258985556792
194,21,3031,45,radio/TV,1,1,0.6982067728075676
195,34,1501,9,education,1,0,0.44933698908280434
196,28,1382,6,radio/TV,0,0,0.1093560922135974
197,27,951,12,furniture/equipment,1,1,0.5883549173593857
198,36,2760,24,car,0,0,0.43271664661572595
199,40,4297,18,furniture/equipment,1,1,0.5314577962955589
200,52,936,9,education,0,0,0.2575320395666251
201,27,1168,12,car,0,1,0.650483807809767
202,26,5117,27,business,0,1,0.5746245478916354
203,21,902,12,education,1,1,0.7207085680603672
204,38,1495,12,car,0,0,0.35928184761787707
205,38,10623,30,car,0,1,0.6650593831955335
206,43,1935,12,furniture/equipment,0,0,0.30924918150797903
207,26,1424,12,domestic appliances,0,1,0.5375178921901759
208,21,6568,24,business,0,1,0.6387472753551711
209,55,1413,12,car,0,0,0.2551965363943561
210,33,3074,9,radio/TV,0,0,0.29096405741091713
211,45,3835,36,radio/TV,0,0,0.4092038203587963
212,50,5293,27,business,1,1,0.710435944987957
213,66,1908,30,business,1,1,0.5082109443428285
214,51,3342,36,radio/TV,0,0,0.379998639372835
215,39,932,6,education,0,0,0.24667568598434353
216,31,3104,18,business,0,0,0.4357825788719332
217,23,3913,36,radio/TV,0,1,0.5262876842520474
218,24,3021,24,furniture/equipment,0,1,0.6701369194122772
219,64,1364,10,car,0,0,0.17514327804532917
220,26,625,12,radio/TV,0,0,0.44597439671883987
221,23,1200,12,education,0,1,0.6932785221848247
222,30,707,12,radio/TV,0,0,0.494298269557067
223,32,2978,24,business,0,0,0.4521896756134509
224,30,4657,15,car,0,1,0.5242826749543711
225,27,2613,36,repairs,0,1,0.5083949023394001
226,27,10961,48,radio/TV,1,1,0.6923414137705083
227,53,7865,12,furniture/equipment,1,1,0.610629907383666
228,22,1478,9,radio/TV,1,1,0.660523681560619
229,22,3149,24,furniture/equipment,0,1,0.6338030022868987
230,26,4210,36,radio/TV,1,1,0.7632064292474031
231,51,2507,9,car,0,0,0.14624211043953364
232,35,2141,12,radio/TV,0,0,0.2874665620511498
233,25,866,18,radio/TV,0,0,0.4850997841318938
234,42,1544,4,radio/TV,0,0,0.07026957439317832
235,30,1823,24,radio/TV,1,1,0.5416614544372795
236,23,14555,6,car,1,1,0.6176345450229703
237,61,2767,21,business,1,0,0.35730763498529966
238,35,1291,12,radio/TV,0,0,0.34655815705821097
239,39,2522,30,radio/TV,0,0,0.43279395226343276
240,29,915,24,car,1,1,0.7292476571850662
241,51,1595,6,radio/TV,0,0,0.06923038664060606
242,24,4605,48,car,1,1,0.7478527503240747
243,27,1185,12,business,0,0,0.4299800213223767
244,35,3447,12,education,0,0,0.42977401393341874
245,25,1258,24,business,0,1,0.6465083609915827
246,52,717,12,radio/TV,0,0,0.20816085912458468
247,35,1204,6,car,0,0,0.3566877986264085
248,26,1925,24,furniture/equipment,0,1,0.5962310907792238
249,22,433,18,radio/TV,1,1,0.6130464065603539
250,39,666,6,car,0,0,0.19769944659719077
251,46,2251,12,furniture/equipment,0,0,0.24737869996885833
252,24,2150,30,car,1,1,0.7368076977873939
253,35,4151,24,furniture/equipment,0,0,0.4927986365078448
254,24,2030,9,furniture/equipment,0,1,0.5675437439837505
255,27,7418,60,radio/TV,0,0,0.4938713041509992
256,35,2684,24,radio/TV,0,0,0.4735718503922811
257,29,2149,12,radio/TV,1,0,0.45159898456078557
258,23,3812,15,car,0,0,0.36284188110475135
259,57,1154,11,radio/TV,0,0,0.16825256122677743
260,27,1657,12,furniture/equipment,0,0,0.47560949849448314
261,55,1603,24,radio/TV,0,0,0.26648193673615045
262,36,5302,18,car,0,0,0.4100244453571147
263,57,2748,12,education,0,0,0.25268954676737726
264,32,1231,10,car,0,1,0.5774495387804488
265,37,802,15,radio/TV,1,0,0.3174200534493176
266,36,6304,36,business,0,0,0.3919804016306809
267,38,1533,24,radio/TV,0,0,0.4393006424920552
268,45,8978,14,car,1,1,0.6675837641416517
269,25,999,24,radio/TV,0,1,0.5106702404506709
270,32,2662,18,car,0,1,0.5116918085692803
271,37,1402,12,furniture/equipment,0,0,0.32702289943663326
272,36,12169,48,car,0,1,0.6116204232441695
273,28,3060,48,radio/TV,1,1,0.51472279399117
274,34,11998,30,repairs,1,1,0.6101553919288519
275,32,2697,9,radio/TV,0,0,0.28445706428471906
276,26,2404,18,radio/TV,0,0,0.454554377200771
277,49,1262,12,furniture/equipment,0,0,0.30889490241246614
278,32,4611,6,furniture/equipment,1,0,0.4943262473163169
279,29,1901,24,radio/TV,0,1,0.5466021166118538
280,23,3368,15,car,0,0,0.46481418072480596
281,50,1574,12,furniture/equipment,0,0,0.2208284614370832
282,49,1445,18,radio/TV,0,0,0.22838557336433854
283,63,1520,15,furniture/equipment,0,0,0.22545510179599604
284,37,3878,24,car,0,0,0.4145310230447437
285,35,10722,47,car,0,1,0.5704908189496599
286,26,4788,48,car,0,1,0.5911428208768283
287,31,7582,48,vacation/others,0,1,0.5559533082924607
288,49,1092,12,radio/TV,0,0,0.20074498971729893
289,48,1024,24,radio/TV,1,0,0.3516199490770014
290,26,1076,12,business,0,0,0.4329485665604217
291,28,9398,36,car,1,1,0.8266039216039534
292,44,6419,24,car,0,1,0.6122522290245379
293,56,4796,42,car,0,1,0.6365682986141861
294,46,7629,48,business,0,1,0.626265712938899
295,26,9960,48,furniture/equipment,1,1,0.7367000971764939
296,20,4675,12,car,0,1,0.6116308752543045
297,45,1287,10,car,0,0,0.2962929887533658
298,43,2515,18,furniture/equipment,0,0,0.4134388116213701
299,32,2745,21,furniture/equipment,0,0,0.4945194590807464
300,54,672,6,car,0,0,0.1685981554670632
301,42,3804,36,radio/TV,1,1,0.5081763598414755
302,37,1344,24,car,1,1,0.6511870316792894
303,49,1038,10,car,0,0,0.2648904710897551
304,44,10127,48,car,1,1,0.7091871491147576
305,33,1543,6,furniture/equipment,0,0,0.17517961636720603
306,24,4811,30,car,0,1,0.703149449466533
307,33,727,12,radio/TV,1,1,0.5047360623176372
308,24,1237,8,furniture/equipment,1,1,0.5779189474567925
309,22,276,9,car,0,1,0.7381912255418862
310,40,5381,48,vacation/others,0,0,0.45529594550756547
311,25,5511,24,furniture/equipment,0,1,0.5162157988740783
312,26,3749,24,furniture/equipment,0,0,0.4365931329031411
313,25,685,12,car,1,1,0.7730021469445693
314,29,1494,4,car,0,0,0.29009639484280314
315,31,2746,36,furniture/equipment,1,1,0.6136700075510975
316,38,708,12,furniture/equipment,0,0,0.4122826910989008
317,48,4351,24,furniture/equipment,0,1,0.5307831739217059
318,32,701,12,education,0,1,0.6735892402907898
319,27,3643,15,furniture/equipment,0,0,0.36076680721247995
320,28,4249,30,car,1,1,0.7377637485587063
321,32,1938,24,radio/TV,1,1,0.5414035693430538
322,34,2910,24,car,0,1,0.5047243068564365
323,28,2659,18,furniture/equipment,0,1,0.5505988377691511
324,36,1028,18,car,0,1,0.5933706628768846
325,39,3398,8,car,0,0,0.22994516993978945
326,49,5801,12,furniture/equipment,0,0,0.46787378871627183
327,34,1525,24,car,0,1,0.5647127129900668
328,31,4473,36,radio/TV,0,1,0.5312035362709185
329,28,1068,6,radio/TV,0,0,0.11120147491831574
330,75,6615,24,car,0,1,0.5882085045313673
331,30,1864,18,education,1,1,0.6010318996176698
332,24,7408,60,car,1,1,0.5492622446757636
333,24,11590,48,car,1,1,0.7967406944818943
334,23,4110,24,furniture/equipment,1,1,0.7414205337624762
335,44,3384,6,furniture/equipment,1,0,0.314355972182353
336,23,2101,13,radio/TV,0,0,0.47594576561537694
337,24,1275,15,domestic appliances,1,1,0.6978463932097199
338,28,4169,24,furniture/equipment,0,1,0.6897166504797988
339,31,1521,10,furniture/equipment,0,0,0.3283595227011346
340,24,5743,24,education,0,1,0.5257584559627404
341,26,3599,21,furniture/equipment,0,0,0.37882813358456136
342,25,3213,18,radio/TV,0,0,0.42198930549148733
343,33,4439,18,business,0,1,0.6138717868882496
344,37,3949,10,car,0,0,0.3960270260945318
345,43,1459,15,radio/TV,0,0,0.2244605019498583
346,23,882,13,radio/TV,0,0,0.45660128152715573
347,23,3758,24,radio/TV,0,0,0.43335154355837413
348,34,1743,6,business,0,0,0.16273637630040005
349,32,1136,9,education,1,1,0.6315519793251637
350,23,1236,9,domestic appliances,0,1,0.6876864029369691
351,29,959,9,furniture/equipment,1,1,0.5389385855007225
352,38,3229,18,car,0,0,0.41814721358200674
353,28,6199,12,radio/TV,1,1,0.5268313320683845
354,46,727,10,education,0,0,0.335388830156346
355,23,1246,24,car,1,1,0.8034648569163919
356,49,2331,12,radio/TV,0,0,0.17002375378954263
357,26,4463,36,radio/TV,1,1,0.7544826544807282
358,28,776,12,radio/TV,0,0,0.48035134009173147
359,23,2406,30,furniture/equipment,1,1,0.7188049906945919
360,61,1239,18,education,0,0,0.48405414780263845
361,37,3399,12,radio/TV,0,0,0.2817155841049724
362,36,2247,12,car,0,0,0.3594018232514685
363,21,1766,6,furniture/equipment,0,0,0.4234345037334329
364,25,2473,18,furniture/equipment,1,1,0.6742294310980096
365,36,1542,12,business,0,0,0.3433049026359414
366,27,3850,18,car,0,0,0.4088735095330493
367,22,3650,18,furniture/equipment,0,0,0.404087628673026
368,42,3446,36,furniture/equipment,1,1,0.5639654337850069
369,40,3001,18,furniture/equipment,0,0,0.40583461474261645
370,36,3079,36,car,0,0,0.4743004373664261
371,33,6070,18,radio/TV,0,0,0.43530805210592716
372,23,2146,10,furniture/equipment,0,1,0.5418542382234246
373,63,13756,60,car,0,1,0.6576602734190269
374,60,14782,60,vacation/others,1,1,0.631163154650419
375,37,7685,48,business,1,1,0.518679448015237
376,34,2320,18,radio/TV,0,0,0.4202834813691425
377,36,846,7,radio/TV,0,0,0.07200661761527677
378,57,14318,36,car,1,1,0.7038839415754308
379,52,362,6,car,0,0,0.17161915840799524
380,39,2212,20,furniture/equipment,0,0,0.43800095289580526
381,38,12976,18,car,1,1,0.6718469767548422
382,25,1283,22,car,0,1,0.7762029438738335
383,26,1330,12,car,0,1,0.6276605629771163
384,26,4272,30,business,0,1,0.7206060599700825
385,25,2238,18,radio/TV,0,1,0.5499669447660661
386,21,1126,18,radio/TV,0,1,0.5604329679581916
387,40,7374,18,furniture/equipment,0,0,0.4197262072748485
388,27,2326,15,business,0,0,0.37965090822472014
389,27,1449,9,business,0,0,0.38761627379854063
390,30,1820,18,car,0,1,0.5768531718557688
391,19,983,12,furniture/equipment,0,1,0.5857532650573688
392,39,3249,36,car,0,1,0.5028377997310838
393,31,1957,6,radio/TV,0,0,0.0951224705352911
394,31,2406,9,furniture/equipment,0,0,0.362879305839964
395,32,11760,39,education,0,1,0.545260240622291
396,55,2578,12,furniture/equipment,0,0,0.229822154426143
397,46,2348,36,furniture/equipment,0,0,0.4596728414082837
398,46,1223,12,car,1,1,0.5969079956079245
399,43,1516,24,radio/TV,0,0,0.36562805157982814
400,39,1473,18,radio/TV,0,0,0.35329578577759463
401,28,1887,18,business,0,0,0.4537049216425047
402,27,8648,24,business,1,1,0.7775222927626355
403,27,802,14,car,0,1,0.6483857046683087
404,43,2899,18,car,0,0,0.42080310198489834
405,22,2039,24,radio/TV,1,1,0.7309646114682197
406,43,2197,24,car,0,0,0.44267982112703874
407,27,1053,15,radio/TV,0,0,0.4121615454735391
408,26,3235,24,radio/TV,0,0,0.46835179460908216
409,28,939,12,car,1,1,0.6980640831156469
410,20,1967,24,radio/TV,0,1,0.7178401801914069
411,35,7253,33,car,0,0,0.3328230872946309
412,42,2292,12,business,1,0,0.363849084365751
413,40,1597,10,car,0,0,0.20163652842308827
414,35,1381,24,car,1,1,0.6014069666189942
415,35,5842,36,car,0,0,0.2702548265293638
416,33,2579,12,car,1,0,0.48447800490688964
417,23,8471,18,education,0,1,0.672381894204114
418,31,2782,21,car,0,1,0.5150299212849049
419,33,1042,18,car,1,1,0.7540581701055845
420,20,3186,15,car,0,1,0.5103536133661558
421,30,2028,12,car,0,0,0.44969484782781544
422,47,958,12,car,0,1,0.5403500772511571
423,34,1591,21,furniture/equipment,0,0,0.48842726001705117
424,25,2762,12,furniture/equipment,1,1,0.6189401643996275
425,21,2779,18,car,0,1,0.6639431158691735
426,29,2743,28,radio/TV,0,0,0.49399703632870834
427,46,1149,18,radio/TV,0,0,0.3155312863925315
428,20,1313,9,furniture/equipment,0,1,0.6286566528358418
429,55,1190,18,repairs,1,0,0.37806841242865064
430,74,3448,5,business,0,0,0.25952493120241366
431,29,11328,24,vacation/others,1,1,0.718528340871798
432,36,1872,6,furniture/equipment,0,0,0.1572307880278232
433,33,2058,24,repairs,0,1,0.571834183887636
434,25,2136,9,furniture/equipment,0,1,0.5781645024006192
435,25,1484,12,radio/TV,1,1,0.5666760081690048
436,23,660,6,repairs,0,0,0.31245697718285026
437,37,1287,24,car,0,1,0.6441383689404254
438,65,3394,42,repairs,0,0,0.44696770831766586
439,26,609,12,business,1,0,0.44004464723567743
440,39,1884,12,car,0,0,0.37237140946658653
441,30,1620,12,furniture/equipment,0,0,0.39858289215793624
442,29,2629,20,vacation/others,0,0,0.45829144884133555
443,41,719,12,education,1,1,0.5371737699599367
444,30,5096,48,furniture/equipment,1,1,0.5734753508008545
445,41,1244,9,education,0,0,0.4115860815355918
446,34,1842,36,car,1,1,0.6244770011054491
447,35,2576,7,radio/TV,0,0,0.09150219633637464
448,55,1424,12,furniture/equipment,0,0,0.23342106989396277
449,61,1512,15,repairs,1,0,0.3490100497591937
450,30,11054,36,car,0,1,0.5780757413174417
451,29,518,6,radio/TV,0,0,0.14107447729515757
452,34,2759,12,furniture/equipment,0,0,0.38033410375322746
453,35,2670,24,car,0,0,0.4778792464388154
454,31,4817,24,car,1,1,0.5502856718704094
455,29,2679,24,car,0,1,0.5793502021980513
456,36,3905,11,car,0,0,0.2687437629572228
457,35,3386,12,car,1,0,0.4298364957847472
458,27,343,6,domestic appliances,0,0,0.37279385694961015
459,32,4594,18,radio/TV,0,0,0.4513905573422538
460,37,3620,36,furniture/equipment,0,0,0.440019821298266
461,36,1721,15,car,0,0,0.3468726197227843
462,34,3017,12,furniture/equipment,0,0,0.3808881408427445
463,38,754,12,education,0,1,0.5205061767652189
464,34,1950,18,business,0,0,0.4535453684585379
465,63,2924,24,car,0,0,0.34419602404607036
466,29,1659,24,radio/TV,1,1,0.5380952770313499
467,32,7238,48,radio/TV,0,1,0.5074590509211032
468,26,2764,33,business,0,0,0.4978303092745767
469,35,4679,24,car,0,0,0.4578987013424849
470,22,3092,24,radio/TV,1,1,0.6920584290005958
471,23,448,6,education,1,1,0.5389521187698715
472,28,654,9,car,1,1,0.652653473052968
473,36,1238,6,education,0,0,0.2765380551803756
474,33,1245,18,radio/TV,1,1,0.5687081379713603
475,26,3114,18,furniture/equipment,1,1,0.5632065654925633
476,24,2569,39,car,0,1,0.7539502967643925
477,25,5152,24,radio/TV,0,1,0.5990808066761677
478,39,1037,12,business,0,0,0.4780175622473417
479,44,1478,15,furniture/equipment,0,0,0.27286393137961834
480,23,3573,12,radio/TV,0,0,0.34266393482252533
481,26,1201,24,car,0,1,0.6844450988086251
482,57,3622,30,furniture/equipment,0,0,0.31397324816038774
483,30,960,15,furniture/equipment,0,1,0.5608407064743607
484,44,1163,12,car,0,1,0.5339775188419976
485,47,1209,6,car,1,0,0.3806109915324514
486,52,3077,12,radio/TV,0,0,0.2163218327659026
487,62,3757,24,car,0,0,0.3064125603980799
488,35,1418,10,car,0,0,0.29702470636158507
489,26,3518,6,car,0,0,0.31780061089896455
490,26,1934,12,radio/TV,0,0,0.427414184997863
491,42,8318,27,business,1,1,0.7578970207352611
492,27,1237,6,radio/TV,0,0,0.10925282358497572
493,38,368,6,radio/TV,0,0,0.07555970795760468
494,39,2122,12,car,0,0,0.3564532236029418
495,20,2996,24,furniture/equipment,1,1,0.7162897693691508
496,29,9034,36,furniture/equipment,1,1,0.7892152913457352
497,40,1585,24,furniture/equipment,0,0,0.4812142471188431
498,32,1301,18,radio/TV,0,1,0.528728838974417
499,28,1323,6,car,0,0,0.32409693622653224
500,27,3123,24,car,1,1,0.5819945749798565
501,42,5493,36,car,0,0,0.40690919789839136
502,49,1126,9,radio/TV,0,0,0.12247460827172695
503,38,1216,24,radio/TV,1,1,0.554256879296646
504,24,1207,24,car,1,1,0.7996978590787474
505,27,1309,10,car,1,1,0.6206279621880302
506,36,2360,15,car,0,0,0.34542520092994683
507,34,6850,15,car,1,1,0.5548461943695087
508,28,1413,24,radio/TV,0,0,0.4989813127318427
509,45,8588,39,car,0,1,0.7181366876762877
510,26,759,12,car,1,1,0.6777627807961256
511,32,4686,36,car,0,0,0.43449741672612335
512,26,2687,15,business,0,0,0.3544322676173632
513,20,585,12,radio/TV,0,1,0.5739889492843064
514,54,2255,24,car,0,0,0.36797537145625897
515,37,609,6,car,0,0,0.20907313779299866
516,40,1361,6,car,0,0,0.15332368977934765
517,23,7127,36,furniture/equipment,1,1,0.7598599401610842
518,43,1203,6,car,0,0,0.3101208840285533
519,36,700,6,radio/TV,0,0,0.0807658105689841
520,44,5507,24,repairs,0,0,0.44387960244251645
521,24,3190,18,radio/TV,1,0,0.42697856008796864
522,53,7119,48,furniture/equipment,1,1,0.6317095451845794
523,23,3488,24,car,0,1,0.6043792646564365
524,26,1113,18,radio/TV,0,0,0.46903205853788627
525,30,7966,26,car,0,1,0.5661904546156344
526,31,1532,15,education,0,0,0.4815079677556186
527,42,1503,4,radio/TV,0,0,0.08020913680350832
528,31,2302,36,radio/TV,1,1,0.5356883902422807
529,41,662,6,car,0,0,0.20500529501662196
530,32,2273,36,education,0,1,0.6050443688514623
531,28,2631,15,car,1,1,0.5297937101646544
532,41,1503,12,car,0,0,0.3565771469684321
533,26,1311,24,radio/TV,0,1,0.5392788162542622
534,25,3105,24,radio/TV,0,1,0.5727161026744088
535,33,2319,21,education,1,1,0.5902431396819993
536,75,1374,6,car,0,0,0.16359213258394723
537,37,3612,18,furniture/equipment,0,0,0.329020912964536
538,42,7763,48,car,1,1,0.5354339887012258
539,45,3049,18,furniture/equipment,0,0,0.32931831588773647
540,23,1534,12,radio/TV,1,1,0.5489203668775117
541,60,2032,24,car,0,0,0.3649967179754555
542,31,6350,30,furniture/equipment,1,0,0.4758085278844706
543,34,2864,18,furniture/equipment,1,0,0.4481336269261926
544,61,1255,12,car,0,0,0.34061326557638644
545,43,1333,24,car,1,1,0.6121237992841411
546,37,2022,24,car,0,0,0.49291200811950775
547,32,1552,24,radio/TV,0,1,0.5111806560235759
548,24,626,12,radio/TV,1,0,0.4915366720444355
549,35,8858,48,car,0,1,0.5704908189496599
550,23,996,12,repairs,0,0,0.48573673678980406
551,45,1750,6,radio/TV,0,0,0.06193659793472398
552,34,6999,48,radio/TV,1,1,0.5870238540760093
553,27,1995,12,car,0,0,0.4981881008348269
554,67,1199,9,education,0,0,0.41727685252002156
555,22,1331,12,radio/TV,1,1,0.6402800472372691
556,28,2278,18,car,1,1,0.5932998361726699
557,29,5003,21,car,1,1,0.6500469230425975
558,27,3552,24,furniture/equipment,1,1,0.5289683331729708
559,31,1928,18,furniture/equipment,1,1,0.5397400499214928
560,49,2964,24,car,0,0,0.37916302835785215
561,24,1546,24,radio/TV,1,1,0.6222050897870045
562,29,683,6,radio/TV,0,0,0.13339744683830476
563,37,12389,36,car,1,1,0.6314480674717525
564,37,4712,24,business,0,1,0.6085793136044936
565,23,1553,24,radio/TV,0,1,0.6458552733574754
566,36,1372,12,car,1,0,0.46276001891218077
567,34,2578,24,radio/TV,0,1,0.5198876360654022
568,41,3979,48,radio/TV,0,1,0.5282578481223625
569,31,6758,48,radio/TV,1,1,0.6295191016420244
570,23,3234,24,furniture/equipment,1,1,0.624760051572429
571,38,5954,30,radio/TV,0,0,0.3940910345812105
572,26,5433,24,car,0,0,0.4053345697850855
573,22,806,15,business,0,0,0.4811753023832057
574,27,1082,9,radio/TV,0,0,0.3674852388662464
575,24,2788,15,furniture/equipment,0,1,0.5037005168287545
576,27,2930,12,radio/TV,0,0,0.39273729508466565
577,33,1927,24,education,0,1,0.6053678728025201
578,27,2820,36,car,1,1,0.619266669830341
579,27,937,24,education,0,1,0.6881450689254269
580,30,1056,18,car,1,1,0.7311655900264775
581,49,3124,12,car,0,0,0.26284449572858287
582,26,1388,9,furniture/equipment,0,0,0.48062490802700203
583,33,2384,36,repairs,1,1,0.5596417833030864
584,52,2133,12,car,0,0,0.2406269932251046
585,20,2039,18,furniture/equipment,1,1,0.6974550748409091
586,36,2799,9,car,0,0,0.21615777416532297
587,21,1289,12,furniture/equipment,0,1,0.6179213266287426
588,47,1217,18,domestic appliances,1,1,0.6552070022224812
589,60,2246,12,furniture/equipment,1,0,0.20353640490201194
590,58,385,12,radio/TV,0,0,0.1809397928810278
591,42,1965,24,car,0,0,0.4874627358252737
592,36,1572,21,business,0,0,0.4371226342640975
593,20,2718,24,car,1,1,0.7435007774669765
594,40,1358,24,vacation/others,1,1,0.5695763578945694
595,32,931,6,car,1,0,0.3739749007707613
596,23,1442,24,car,1,1,0.7823854219277696
597,36,4241,24,business,1,1,0.6968116939847139
598,31,2775,18,car,1,1,0.522186376664519
599,32,3863,24,business,0,0,0.4643593737979908
600,45,2329,7,radio/TV,0,0,0.056857234776730915
601,30,918,9,furniture/equipment,1,1,0.5115317139592314
602,34,1837,24,education,1,1,0.6119874535121894
603,28,3349,36,furniture/equipment,1,1,0.6492872347984381
604,23,1275,10,furniture/equipment,0,1,0.6184771410420685
605,22,2828,24,furniture/equipment,0,1,0.6941072716672458
606,74,4526,24,business,0,1,0.651739454667664
607,50,2671,36,radio/TV,1,0,0.42608563840020447
608,33,2051,18,radio/TV,0,0,0.4631660359679315
609,45,1300,15,car,0,0,0.4284590526308644
610,22,741,12,domestic appliances,1,1,0.7561713333399257
611,48,1240,10,car,1,0,0.4211677796844208
612,29,3357,21,radio/TV,0,0,0.3804565238319193
613,22,3632,24,car,0,1,0.5167034148468793
614,22,1808,18,furniture/equipment,1,1,0.6782787209346388
615,48,12204,48,business,0,1,0.7647510418786636
616,27,9157,60,radio/TV,0,1,0.6923414137705083
617,37,3676,6,car,0,0,0.21131937819930083
618,21,3441,30,furniture/equipment,1,1,0.6560645048293895
619,49,640,12,car,0,0,0.3770463919590278
620,27,3652,21,business,0,0,0.3343572405505175
621,32,1530,18,car,1,1,0.55395602069024
622,38,3914,48,business,1,1,0.6899828055881304
623,22,1858,12,furniture/equipment,0,1,0.5655826619760359
624,65,2600,18,radio/TV,1,0,0.3779510170701852
625,35,1979,15,radio/TV,0,0,0.28300199076282756
626,41,2116,6,furniture/equipment,0,0,0.16875660516077204
627,29,1437,9,car,1,1,0.5627793043529263
628,36,4042,42,furniture/equipment,0,1,0.5050259711594881
629,64,3832,9,education,0,0,0.19559742329656227
630,28,3660,24,radio/TV,0,0,0.4019795185972732
631,44,1553,18,furniture/equipment,1,0,0.4265040542495138
632,23,1444,15,radio/TV,0,1,0.5156081592313978
633,19,1980,9,furniture/equipment,1,1,0.6089536654021352
634,25,1355,24,car,1,1,0.7937977761785882
635,47,1393,12,education,0,0,0.33005059672545406
636,28,1376,24,radio/TV,0,1,0.5484517470992158
637,21,15653,60,radio/TV,0,1,0.7334155297701632
638,34,1493,12,radio/TV,0,0,0.3555054175885368
639,26,4370,42,radio/TV,1,1,0.7014483540265967
640,27,750,18,education,1,1,0.7234151385022618
641,38,1308,15,repairs,0,0,0.39552206111559696
642,40,4623,15,education,1,1,0.6153956136809192
643,33,1851,24,radio/TV,0,1,0.5491136507788835
644,32,1880,18,radio/TV,0,0,0.45495129717240046
645,27,7980,36,business,1,1,0.8270710864616763
646,32,4583,30,furniture/equipment,0,0,0.4917394171908452
647,26,1386,12,car,1,1,0.5840790138269347
648,38,947,24,car,1,1,0.6735146663465972
649,40,684,12,education,1,0,0.4963120016762987
650,50,7476,48,education,0,1,0.6752160956767564
651,37,1922,12,furniture/equipment,1,0,0.3490232369076533
652,45,2303,24,car,1,0,0.3974622724178337
653,42,8086,36,car,1,1,0.6961751380191576
654,35,2346,24,car,0,0,0.47930125464284096
655,22,3973,14,car,0,1,0.6221615120800101
656,41,888,12,car,1,1,0.5303632594028939
657,37,10222,48,radio/TV,0,1,0.5611726468341374
658,28,4221,30,business,0,1,0.7361338085386744
659,41,6361,18,furniture/equipment,0,0,0.45669089786363626
660,23,1297,12,radio/TV,0,1,0.5410146914653006
661,23,900,12,car,1,1,0.7665471757226732
662,50,2241,21,furniture/equipment,0,0,0.3149428754905859
663,35,1050,6,furniture/equipment,0,0,0.21924894722234026
664,50,1047,6,education,0,0,0.2284397490622852
665,27,6314,24,vacation/others,0,1,0.5464921540887112
666,34,3496,30,furniture/equipment,0,1,0.5030175785937095
667,27,3609,48,business,0,0,0.41002761386558134
668,43,4843,12,car,1,1,0.5726284636797963
669,47,3017,30,radio/TV,0,0,0.30321446734786056
670,27,4139,24,business,0,1,0.7434287069682468
671,31,5742,36,business,0,0,0.3914398303742243
672,42,10366,60,car,0,1,0.6850981292475186
673,24,2080,6,car,0,0,0.374339627462934
674,41,2580,21,business,1,0,0.46449449979180224
675,26,4530,30,radio/TV,0,1,0.6554825030782538
676,33,5150,24,furniture/equipment,0,0,0.4936460182992571
677,24,5595,72,radio/TV,1,1,0.5334110628265555
678,64,2384,24,radio/TV,0,0,0.25111054579453396
679,26,1453,18,radio/TV,0,0,0.4781379926228695
680,56,1538,6,education,0,0,0.15649673174491524
681,37,2279,12,radio/TV,0,0,0.268260831779493
682,33,1478,15,radio/TV,0,0,0.3572810585188008
683,47,5103,24,radio/TV,0,0,0.4475009807738715
684,31,9857,36,business,0,1,0.610114932947543
685,34,6527,60,car,0,0,0.48893716027000095
686,27,1347,10,radio/TV,0,0,0.419336631635919
687,30,2862,36,car,0,1,0.5512159352476345
688,35,2753,9,radio/TV,0,0,0.1748810701234973
689,31,3651,12,car,0,0,0.38438840336491004
690,25,975,15,furniture/equipment,0,1,0.556251262996837
691,25,2631,15,repairs,0,0,0.4911545894594962
692,29,2896,24,radio/TV,0,1,0.5171905095602372
693,44,4716,6,car,0,0,0.43086936145698895
694,28,2284,24,radio/TV,0,1,0.5206400356236401
695,50,1236,6,car,0,0,0.22036803165959865
696,29,1103,12,radio/TV,0,0,0.462402664190485
697,38,926,12,car,0,1,0.5372872184103769
698,24,1800,18,radio/TV,0,1,0.5638527621014017
699,40,1905,15,education,0,0,0.37988383368405343
700,29,1123,12,furniture/equipment,1,1,0.5996153284615808
701,46,6331,48,car,1,1,0.6218129960546609
702,47,1377,24,radio/TV,0,0,0.30806683978108845
703,41,2503,30,business,0,0,0.45539229696337585
704,32,2528,27,business,0,0,0.4595000545571301
705,35,5324,15,car,0,0,0.410800017373881
706,24,6560,48,car,1,1,0.6076889777408305
707,25,2969,12,furniture/equipment,1,1,0.6024070311763231
708,25,1206,9,radio/TV,0,0,0.44718384183316606
709,37,2118,9,radio/TV,0,0,0.16274039523864736
710,32,629,18,radio/TV,0,1,0.5065133599910403
711,35,1198,6,education,1,0,0.39300029024753563
712,46,2476,21,car,0,0,0.38283497342082223
713,25,1138,9,radio/TV,0,0,0.43594583260736675
714,27,14027,60,car,1,1,0.7417451042823835
715,63,7596,30,car,0,1,0.5629673856597123
716,40,3077,30,radio/TV,0,0,0.4168925776707213
717,32,1505,18,radio/TV,0,0,0.42975559431322596
718,31,3148,24,radio/TV,0,0,0.4895083219692826
719,31,6148,20,car,0,0,0.40439501310367587
720,34,1337,9,radio/TV,1,0,0.42368259625532445
721,24,433,6,education,1,1,0.5115292695980154
722,24,1228,12,car,1,1,0.7510165519145674
723,66,790,9,radio/TV,0,0,0.1459805582555457
724,21,2570,27,car,1,1,0.7672481544284024
725,41,250,6,car,0,0,0.20754035921602007
726,47,1316,15,radio/TV,0,0,0.214253483802548
727,25,1882,18,radio/TV,1,1,0.5751978881620348
728,59,6416,48,business,1,1,0.744492166044364
729,36,1275,24,business,0,1,0.5797435094837305
730,33,6403,24,radio/TV,0,1,0.5538691358646843
731,21,1987,24,radio/TV,1,1,0.7278028236688805
732,44,760,8,radio/TV,0,0,0.08922397878823028
733,28,2603,24,car,0,1,0.5910969509099537
734,37,3380,4,car,0,0,0.18267420823191977
735,29,3990,36,domestic appliances,0,1,0.7544920257312805
736,23,11560,24,car,1,1,0.7919430768814816
737,35,4380,18,car,0,1,0.5474104908606734
738,45,6761,6,car,0,0,0.4683802136016277
739,26,4280,30,business,1,1,0.7269753781745811
740,32,2325,24,car,0,1,0.5505287215403776
741,23,1048,10,radio/TV,0,0,0.44754821648052995
742,41,3160,21,radio/TV,0,0,0.34219803130339327
743,22,2483,24,furniture/equipment,0,1,0.7169636450327994
744,30,14179,39,furniture/equipment,0,1,0.5644699940242456
745,28,1797,13,business,0,0,0.3373531294554652
746,23,2511,15,car,0,1,0.5317872077483601
747,37,1274,12,car,1,1,0.5792358615983527
748,26,5248,21,car,0,0,0.4387200567442159
749,33,3029,15,car,0,0,0.46846490848570643
750,49,428,6,furniture/equipment,0,0,0.11874177919161166
751,23,976,18,car,1,1,0.7775379211478695
752,23,841,12,business,0,1,0.5407767699094008
753,25,5771,30,radio/TV,0,1,0.5563999679166689
754,55,1555,12,repairs,1,0,0.34450899791095346
755,32,1285,24,car,1,1,0.7199209912318706
756,74,1299,6,car,0,0,0.18867092914108216
757,39,1271,15,radio/TV,1,0,0.3690404460971316
758,31,1393,24,car,0,1,0.5901780433509815
759,35,691,12,car,1,1,0.5976373370808941
760,59,5045,15,car,0,1,0.56278749094885
761,24,2124,18,furniture/equipment,1,1,0.6554442436709678
762,24,2214,12,radio/TV,0,0,0.49534280729551733
763,30,12680,21,car,1,1,0.5849502934861005
764,27,2463,24,car,0,1,0.6045381426003239
765,40,1155,12,radio/TV,0,0,0.267868927522331
766,31,3108,30,furniture/equipment,1,1,0.5986912125871047
767,31,2901,10,car,0,0,0.36312604243628643
768,28,3617,12,furniture/equipment,0,0,0.40283751523243266
769,63,1655,12,radio/TV,0,0,0.2242328263448997
770,26,2812,24,car,0,1,0.5643941192474246
771,25,8065,36,education,1,1,0.858472923876409
772,36,3275,21,car,0,0,0.39606001621424225
773,52,2223,24,radio/TV,0,0,0.23877637447972216
774,66,1480,12,car,0,0,0.35203294503970584
775,25,1371,24,car,1,1,0.7888867843925962
776,37,3535,36,car,0,0,0.4480274805411132
777,25,3509,18,radio/TV,0,0,0.36490754246945156
778,38,5711,36,car,0,0,0.32553340926257385
779,67,3872,18,repairs,0,0,0.41359173702124197
780,25,4933,39,radio/TV,1,1,0.7521475966730022
781,60,1940,24,car,0,0,0.40152123622547875
782,31,1410,12,education,0,0,0.4742213784275485
783,23,836,12,car,1,1,0.7582400845364112
784,60,6468,20,car,0,1,0.6360401738750135
785,35,1941,18,business,0,0,0.434432381675476
786,40,2675,22,radio/TV,0,0,0.37224672535557923
787,38,2751,48,car,0,0,0.46793607175430596
788,50,6224,48,education,1,1,0.7124681919347554
789,27,5998,40,education,1,1,0.6519333436010403
790,39,1188,21,business,1,1,0.6534035199485808
791,41,6313,24,car,0,0,0.4805743652656514
792,27,1221,6,furniture/equipment,0,0,0.2629452817863282
793,51,2892,24,furniture/equipment,0,0,0.33999558654565454
794,32,3062,24,furniture/equipment,0,1,0.5591301125098013
795,22,2301,9,furniture/equipment,0,1,0.595908746850828
796,51,7511,18,car,1,1,0.6604099597018718
797,22,1258,12,furniture/equipment,0,1,0.6347531364219121
798,54,717,24,car,0,1,0.5380059517381102
799,35,1549,9,car,0,0,0.2739523239884353
800,54,1597,24,education,0,0,0.4216382677954953
801,48,1795,18,radio/TV,0,0,0.23974101536475556
802,24,4272,20,furniture/equipment,0,1,0.6723325593418167
803,35,976,12,radio/TV,0,0,0.32135566412707645
804,24,7472,12,car,0,0,0.49148361685081854
805,24,9271,36,car,1,1,0.8651262648853937
806,26,590,6,radio/TV,0,0,0.13782345447788621
807,65,930,12,radio/TV,0,0,0.2434088038644418
808,55,9283,42,car,0,1,0.6859886738456099
809,26,1778,15,car,1,1,0.539476878023678
810,26,907,8,business,0,0,0.4008753964300171
811,28,484,6,radio/TV,0,0,0.13927729790600674
812,24,9629,36,car,1,1,0.8651262648853937
813,54,3051,48,domestic appliances,1,0,0.4316135968928802
814,46,3931,48,car,1,1,0.678744769960882
815,54,7432,36,car,0,1,0.5577774376422643
816,62,1338,6,domestic appliances,0,0,0.13519249445877818
817,24,1554,6,radio/TV,0,0,0.2863269285387207
818,43,15857,36,vacation/others,0,1,0.6014281895391064
819,26,1345,18,radio/TV,1,1,0.5408985205659943
820,27,1101,12,car,0,1,0.6605176838037145
821,24,3016,12,radio/TV,0,0,0.4529242707491477
822,41,2712,36,furniture/equipment,1,1,0.5680216868874339
823,47,731,8,car,0,0,0.3228028240028165
824,35,3780,18,furniture/equipment,0,0,0.32096551415874713
825,30,1602,21,car,0,1,0.5499503273044155
826,33,3966,18,car,1,1,0.5726756909401041
827,36,4165,18,business,1,1,0.6918151067552638
828,47,8335,36,car,1,1,0.7295661975069063
829,38,6681,48,business,0,1,0.5727812178210733
830,44,2375,24,business,0,0,0.42342314854942154
831,23,1216,18,car,1,1,0.7929424834547828
832,29,11816,45,business,1,1,0.7709827137253703
833,42,5084,24,radio/TV,0,0,0.46665985028660556
834,25,2327,15,radio/TV,1,1,0.5030424691412123
835,48,1082,12,car,1,1,0.549018472048514
836,21,886,12,radio/TV,0,1,0.5348355639300909
837,23,601,4,furniture/equipment,0,0,0.4203044728947898
838,63,2957,24,car,0,0,0.34419602404607036
839,46,2611,24,radio/TV,0,0,0.29137225233861813
840,29,5179,36,furniture/equipment,1,1,0.7241257000863583
841,28,2993,21,car,0,1,0.5369610031371941
842,23,1943,18,repairs,1,1,0.6198941996386399
843,50,1559,24,business,0,0,0.4298917081381727
844,47,3422,18,furniture/equipment,0,0,0.30101101638538674
845,35,3976,21,furniture/equipment,0,0,0.4823135215107711
846,68,6761,18,car,1,1,0.6229867082636168
847,28,1249,24,car,0,1,0.7061729229626824
848,59,1364,9,radio/TV,0,0,0.15609314415254064
849,57,709,12,radio/TV,1,0,0.1958710018090188
850,33,2235,20,car,1,1,0.5648084503122377
851,43,4042,24,car,0,1,0.6322507999981033
852,35,1471,15,radio/TV,0,0,0.26356254445853405
853,32,1442,18,car,1,1,0.5793852433107997
854,45,10875,36,car,0,1,0.7181366876762877
855,33,1474,24,car,0,1,0.5685052482097552
856,40,894,10,education,0,0,0.32658765960868474
857,28,3343,15,furniture/equipment,0,0,0.45886409889641927
858,29,3959,15,car,1,1,0.6847477217606373
859,26,3577,9,car,0,0,0.35617828744851543
860,27,5804,24,car,0,0,0.4140119564709091
861,28,2169,18,business,1,0,0.47829333666354856
862,35,2439,24,radio/TV,1,0,0.48781552413297613
863,32,4526,27,furniture/equipment,0,0,0.48572189460394183
864,25,2210,10,furniture/equipment,1,1,0.5967736448022751
865,20,2221,15,furniture/equipment,0,1,0.5503172961472926
866,27,2389,18,radio/TV,0,0,0.45950711074501044
867,42,3331,12,furniture/equipment,0,0,0.3453888523446122
868,37,7409,36,business,0,0,0.3919548208657953
869,24,652,12,furniture/equipment,0,1,0.614944453487498
870,40,7678,36,furniture/equipment,0,0,0.3747700650516162
871,46,1343,6,car,0,0,0.1848447090241198
872,26,1382,24,business,0,1,0.5165412640572503
873,24,874,15,domestic appliances,0,1,0.6664981840735019
874,29,3590,12,furniture/equipment,0,0,0.40742660376352174
875,40,1322,11,car,0,0,0.29642205454897186
876,36,1940,18,radio/TV,0,0,0.3587083496768571
877,28,3595,36,radio/TV,0,0,0.40979193388278484
878,27,1422,9,car,1,1,0.5741414433489589
879,36,6742,30,radio/TV,0,0,0.47336494561865583
880,38,7814,24,car,0,0,0.44469599754819356
881,48,9277,24,car,0,1,0.7017894037634927
882,36,2181,30,car,0,0,0.4472047867239354
883,65,1098,18,radio/TV,0,0,0.3840905598445408
884,43,4057,24,furniture/equipment,1,1,0.5400010234843382
885,53,795,12,education,1,0,0.4451108754295989
886,34,2825,24,business,0,0,0.4596572049413654
887,23,15672,48,business,1,1,0.8087859062056855
888,34,6614,36,car,0,0,0.4058956940156786
889,40,7824,28,car,0,0,0.4068687847295863
890,43,2442,27,business,0,0,0.4391864644969701
891,46,1829,15,radio/TV,0,0,0.18197615726035082
892,38,2171,12,car,0,0,0.35711946347292944
893,34,5800,36,car,0,0,0.3202457071224232
894,29,1169,18,radio/TV,0,1,0.500777187003045
895,31,8947,36,car,0,1,0.5554032721544166
896,28,2606,21,radio/TV,0,0,0.4226038072370252
897,35,1592,12,furniture/equipment,0,0,0.32197183973689725
898,33,2186,15,furniture/equipment,0,0,0.42868519989031406
899,42,4153,18,furniture/equipment,1,1,0.5343945219484183
900,43,2625,16,car,1,0,0.4304287722919431
901,44,3485,20,car,0,0,0.38627698033054464
902,42,10477,36,car,0,1,0.6961751380191576
903,40,1386,15,radio/TV,0,0,0.25614431208196886
904,36,1278,24,radio/TV,0,0,0.49997015628397323
905,20,1107,12,radio/TV,0,1,0.5136414963909948
906,24,3763,21,car,0,0,0.3983741543771264
907,27,3711,36,education,0,0,0.4883835182614294
908,46,3594,15,car,0,0,0.27066159330400963
909,33,3195,9,car,0,0,0.35997376840751616
910,34,4454,36,radio/TV,0,1,0.5013102147748125
911,25,4736,24,furniture/equipment,1,1,0.7486097565237023
912,25,2991,30,radio/TV,0,1,0.5520400888215437
913,28,2142,11,business,0,0,0.32933460884005944
914,31,3161,24,business,1,0,0.4530844943625078
915,32,18424,48,vacation/others,1,1,0.6498818129863289
916,32,2848,10,car,0,0,0.36687410269025916
917,68,14896,6,car,1,1,0.5035636128740396
918,33,2359,24,furniture/equipment,1,1,0.5787803660253047
919,39,3345,24,furniture/equipment,1,0,0.49599237314765865
920,28,1817,18,furniture/equipment,0,1,0.5709350371101212
921,37,12749,48,radio/TV,0,1,0.5611726468341374
922,22,1366,9,radio/TV,1,1,0.6696871745646216
923,30,2002,12,car,0,0,0.44969484782781544
924,55,6872,24,furniture/equipment,1,1,0.6235939818975662
925,46,697,12,car,1,1,0.5352396956115494
926,21,1049,18,furniture/equipment,0,1,0.6288622825283501
927,39,10297,48,car,1,1,0.6879725247594136
928,58,1867,30,radio/TV,0,0,0.2861242731791797
929,43,1344,12,car,0,0,0.4391547867865069
930,24,1747,24,furniture/equipment,0,1,0.6824269333988817
931,22,1670,9,radio/TV,1,1,0.6399745086685316
932,30,1224,9,car,0,1,0.5869806450503866
933,42,522,12,radio/TV,0,0,0.2204366549876347
934,23,1498,12,radio/TV,0,1,0.5562187357618166
935,30,1919,30,radio/TV,1,1,0.5441642788831753
936,28,745,9,radio/TV,1,0,0.4175371775729936
937,30,2063,6,radio/TV,0,0,0.09356512586278182
938,42,6288,60,education,1,1,0.5615680501154953
939,46,6842,24,car,0,1,0.623322866337178
940,45,3527,12,car,0,0,0.30714108639306836
941,31,1546,10,car,0,0,0.3852325879113585
942,31,929,24,furniture/equipment,0,1,0.6741503966125173
943,42,1455,4,car,0,0,0.14343953679898389
944,46,1845,15,furniture/equipment,0,0,0.24089145814414775
945,30,8358,48,car,0,1,0.5920327702338359
946,30,3349,24,furniture/equipment,1,1,0.5612055240158564
947,38,2859,12,car,0,0,0.36141368475920094
948,43,1533,18,furniture/equipment,1,0,0.42493012568562394
949,31,3621,24,radio/TV,1,0,0.46348184522657826
950,40,3590,18,business,0,0,0.37815614681876086
951,24,2145,36,business,1,1,0.6868485651329895
952,28,4113,24,car,1,1,0.7155348136208182
953,26,10974,36,furniture/equipment,1,1,0.8284485133900411
954,29,1893,12,car,0,1,0.5163798938562076
955,57,1231,24,radio/TV,0,0,0.32212671738978976
956,49,3656,30,radio/TV,0,0,0.2874008719603874
957,37,1154,9,radio/TV,0,0,0.21033036929908316
958,45,4006,28,car,1,1,0.7072071689646229
959,30,3069,24,furniture/equipment,0,1,0.5716833217348656
960,30,1740,6,radio/TV,0,0,0.08776628041162673
961,47,2353,21,car,0,0,0.3744182988545651
962,29,3556,15,car,0,0,0.4362971362030492
963,35,2397,24,radio/TV,1,0,0.4854193749790952
964,22,454,6,repairs,0,0,0.37091501437889157
965,26,1715,30,radio/TV,0,0,0.4964233094042552
966,23,2520,27,radio/TV,1,1,0.6540800551006982
967,54,3568,15,radio/TV,0,0,0.19199436897677674
968,29,7166,42,radio/TV,0,1,0.5524516273794605
969,40,3939,11,car,0,0,0.4070111629032841
970,22,1514,15,repairs,0,1,0.5905984375375964
971,43,7393,24,car,0,1,0.5170554121884314
972,29,1193,24,car,1,1,0.7248770736605992
973,36,7297,60,business,1,0,0.4789276395967182
974,33,2831,30,radio/TV,0,1,0.5000085504432757
975,57,1258,24,radio/TV,0,0,0.3181332063814777
976,64,753,6,radio/TV,0,0,0.07292852798806441
977,42,2427,18,business,0,0,0.44170095944680715
978,47,2538,24,car,1,0,0.38759886046882486
979,25,1264,15,car,1,1,0.7474867516319423
980,49,8386,30,furniture/equipment,1,1,0.6489249153040865
981,33,4844,48,business,1,1,0.6318478595005405
982,28,2923,21,car,0,1,0.5391071070332979
983,26,8229,36,car,1,1,0.8350910016942875
984,30,2028,24,furniture/equipment,0,1,0.5770427313627904
985,25,1433,15,furniture/equipment,0,1,0.5961540227450324
986,33,6289,42,business,0,1,0.5154728949123756
987,64,1409,13,radio/TV,0,0,0.20151208009335472
988,29,6579,24,car,0,1,0.5198039608092203
989,48,1743,24,radio/TV,0,0,0.2650710607052664
990,37,3565,12,education,0,0,0.34932672483828553
991,34,1569,15,radio/TV,0,0,0.33904934418096405
992,23,1936,18,radio/TV,0,1,0.6102166265793685
993,30,3959,36,furniture/equipment,0,1,0.5423477490121765
994,50,2390,12,car,0,0,0.24720672040502797
995,31,1736,12,furniture/equipment,0,0,0.4017960733085221
996,40,3857,30,car,0,0,0.4116554526094114
997,38,804,12,radio/TV,0,0,0.28052745600728934
998,23,1845,45,radio/TV,1,1,0.6618661270368631
999,27,4576,45,car,0,1,0.6321274202383317
